UID,iso2,iso3,code3,FIPS,Admin2,Province_State,Country_Region,Lat,Long_,Combined_Key,1/22/20,1/23/20,1/24/20,1/25/20,1/26/20,1/27/20,1/28/20,1/29/20,1/30/20,1/31/20,2/1/20,2/2/20,2/3/20,2/4/20,2/5/20,2/6/20,2/7/20,2/8/20,2/9/20,2/10/20,2/11/20,2/12/20,2/13/20,2/14/20,2/15/20,2/16/20,2/17/20,2/18/20,2/19/20,2/20/20,2/21/20,2/22/20,2/23/20,2/24/20,2/25/20,2/26/20,2/27/20,2/28/20,2/29/20,3/1/20,3/2/20,3/3/20,3/4/20,3/5/20,3/6/20,3/7/20,3/8/20,3/9/20,3/10/20,3/11/20,3/12/20,3/13/20,3/14/20,3/15/20,3/16/20,3/17/20,3/18/20,3/19/20,3/20/20,3/21/20,3/22/20,3/23/20,3/24/20,3/25/20,3/26/20,3/27/20,3/28/20,3/29/20,3/30/20,3/31/20,4/1/20,4/2/20
84042001,US,USA,840,42001.0,Adams,Pennsylvania,US,39.87140411,-77.21610347,"Adams, Pennsylvania, US",0,0,0,0,0,0,0,0,0,0,0,0,0,0,0,0,0,0,0,0,0,0,0,0,0,0,0,0,0,0,0,0,0,0,0,0,0,0,0,0,0,0,0,0,0,0,0,0,0,0,0,0,0,0,0,0,0,0,4,4,5,6,6,6,7,8,8,8,8,9,12,18
84042003,US,USA,840,42003.0,Allegheny,Pennsylvania,US,40.46809875,-79.98167747,"Allegheny, Pennsylvania, US",0,0,0,0,0,0,0,0,0,0,0,0,0,0,0,0,0,0,0,0,0,0,0,0,0,0,0,0,0,0,0,0,0,0,0,0,0,0,0,0,0,0,0,0,0,0,0,0,0,0,0,0,2,2,6,10,13,18,28,31,40,48,58,88,133,158,219,265,290,325,356,419
84042005,US,USA,840,42005.0,Armstrong,Pennsylvania,US,40.81665618,-79.46290811,"Armstrong, Pennsylvania, US",0,0,0,0,0,0,0,0,0,0,0,0,0,0,0,0,0,0,0,0,0,0,0,0,0,0,0,0,0,0,0,0,0,0,0,0,0,0,0,0,0,0,0,0,0,0,0,0,0,0,0,0,0,0,0,0,0,0,0,0,0,0,1,1,1,1,2,3,3,5,5,7
84042007,US,USA,840,42007.0,Beaver,Pennsylvania,US,40.6825484,-80.34921611,"Beaver, Pennsylvania, US",0,0,0,0,0,0,0,0,0,0,0,0,0,0,0,0,0,0,0,0,0,0,0,0,0,0,0,0,0,0,0,0,0,0,0,0,0,0,0,0,0,0,0,0,0,0,0,0,0,0,0,0,0,0,0,1,2,2,3,3,3,3,3,7,13,14,22,28,44,52,54,55
84042009,US,USA,840,42009.0,Bedford,Pennsylvania,US,40.00522157,-78.48998442,"Bedford, Pennsylvania, US",0,0,0,0,0,0,0,0,0,0,0,0,0,0,0,0,0,0,0,0,0,0,0,0,0,0,0,0,0,0,0,0,0,0,0,0,0,0,0,0,0,0,0,0,0,0,0,0,0,0,0,0,0,0,0,0,0,0,0,0,0,0,0,0,0,0,0,0,0,2,3,3
84042011,US,USA,840,42011.0,Berks,Pennsylvania,US,40.41570541,-75.92457766,"Berks, Pennsylvania, US",0,0,0,0,0,0,0,0,0,0,0,0,0,0,0,0,0,0,0,0,0,0,0,0,0,0,0,0,0,0,0,0,0,0,0,0,0,0,0,0,0,0,0,0,0,0,0,0,0,0,0,0,0,0,0,0,1,1,5,7,13,14,16,20,36,65,65,68,82,110,151,168
84042013,US,USA,840,42013.0,Blair,Pennsylvania,US,40.47961444,-78.34917412,"Blair, Pennsylvania, US",0,0,0,0,0,0,0,0,0,0,0,0,0,0,0,0,0,0,0,0,0,0,0,0,0,0,0,0,0,0,0,0,0,0,0,0,0,0,0,0,0,0,0,0,0,0,0,0,0,0,0,0,0,0,0,0,0,0,0,0,0,0,0,0,1,1,2,3,6,4,4,4
84042015,US,USA,840,42015.0,Bradford,Pennsylvania,US,41.78869215,-76.51570822,"Bradford, Pennsylvania, US",0,0,0,0,0,0,0,0,0,0,0,0,0,0,0,0,0,0,0,0,0,0,0,0,0,0,0,0,0,0,0,0,0,0,0,0,0,0,0,0,0,0,0,0,0,0,0,0,0,0,0,0,0,0,0,0,0,0,0,0,0,0,1,1,2,2,3,3,3,7,8,8
84042017,US,USA,840,42017.0,Bucks,Pennsylvania,US,40.33682119,-75.10836643,"Bucks, Pennsylvania, US",0,0,0,0,0,0,0,0,0,0,0,0,0,0,0,0,0,0,0,0,0,0,0,0,0,0,0,0,0,0,0,0,0,0,0,0,0,0,0,0,0,0,0,0,0,0,0,0,0,2,2,3,3,3,5,8,9,12,24,28,34,43,69,86,110,144,152,216,249,288,319,373
84042019,US,USA,840,42019.0,Butler,Pennsylvania,US,40.91152759,-79.91351055,"Butler, Pennsylvania, US",0,0,0,0,0,0,0,0,0,0,0,0,0,0,0,0,0,0,0,0,0,0,0,0,0,0,0,0,0,0,0,0,0,0,0,0,0,0,0,0,0,0,0,0,0,0,0,0,0,0,0,0,0,0,0,0,0,0,0,1,1,5,6,12,19,26,41,47,49,60,64,69
84042021,US,USA,840,42021.0,Cambria,Pennsylvania,US,40.49527404,-78.71377428,"Cambria, Pennsylvania, US",0,0,0,0,0,0,0,0,0,0,0,0,0,0,0,0,0,0,0,0,0,0,0,0,0,0,0,0,0,0,0,0,0,0,0,0,0,0,0,0,0,0,0,0,0,0,0,0,0,0,0,0,0,0,0,0,0,0,0,0,0,1,1,1,1,1,1,1,2,2,3,4
84042023,US,USA,840,42023.0,Cameron,Pennsylvania,US,41.43625568,-78.20376845,"Cameron, Pennsylvania, US",0,0,0,0,0,0,0,0,0,0,0,0,0,0,0,0,0,0,0,0,0,0,0,0,0,0,0,0,0,0,0,0,0,0,0,0,0,0,0,0,0,0,0,0,0,0,0,0,0,0,0,0,0,0,0,0,0,0,0,0,0,0,0,0,0,0,1,1,1,1,1,1
84042025,US,USA,840,42025.0,Carbon,Pennsylvania,US,40.91545395,-75.7068525,"Carbon, Pennsylvania, US",0,0,0,0,0,0,0,0,0,0,0,0,0,0,0,0,0,0,0,0,0,0,0,0,0,0,0,0,0,0,0,0,0,0,0,0,0,0,0,0,0,0,0,0,0,0,0,0,0,0,0,0,0,0,0,0,0,0,0,0,0,0,1,1,2,2,3,9,13,17,23,26
84042027,US,USA,840,42027.0,Centre,Pennsylvania,US,40.92058903,-77.82200624,"Centre, Pennsylvania, US",0,0,0,0,0,0,0,0,0,0,0,0,0,0,0,0,0,0,0,0,0,0,0,0,0,0,0,0,0,0,0,0,0,0,0,0,0,0,0,0,0,0,0,0,0,0,0,0,0,0,0,0,0,0,0,0,0,0,1,1,1,3,7,8,9,11,15,22,24,26,27,28
84042029,US,USA,840,42029.0,Chester,Pennsylvania,US,39.97291773,-75.74768357,"Chester, Pennsylvania, US",0,0,0,0,0,0,0,0,0,0,0,0,0,0,0,0,0,0,0,0,0,0,0,0,0,0,0,0,0,0,0,0,0,0,0,0,0,0,0,0,0,0,0,0,0,0,0,0,0,0,0,1,2,2,2,6,9,10,17,19,23,40,40,54,84,107,116,137,146,159,183,210
84042031,US,USA,840,42031.0,Clarion,Pennsylvania,US,41.19265812,-79.42413524,"Clarion, Pennsylvania, US",0,0,0,0,0,0,0,0,0,0,0,0,0,0,0,0,0,0,0,0,0,0,0,0,0,0,0,0,0,0,0,0,0,0,0,0,0,0,0,0,0,0,0,0,0,0,0,0,0,0,0,0,0,0,0,0,0,0,0,0,0,0,0,0,0,0,1,1,1,3,4,4
84042033,US,USA,840,42033.0,Clearfield,Pennsylvania,US,41.00110782,-78.47592663,"Clearfield, Pennsylvania, US",0,0,0,0,0,0,0,0,0,0,0,0,0,0,0,0,0,0,0,0,0,0,0,0,0,0,0,0,0,0,0,0,0,0,0,0,0,0,0,0,0,0,0,0,0,0,0,0,0,0,0,0,0,0,0,0,0,0,0,0,0,0,1,2,2,2,2,2,4,4,4,4
84042035,US,USA,840,42035.0,Clinton,Pennsylvania,US,41.23255967,-77.63785995,"Clinton, Pennsylvania, US",0,0,0,0,0,0,0,0,0,0,0,0,0,0,0,0,0,0,0,0,0,0,0,0,0,0,0,0,0,0,0,0,0,0,0,0,0,0,0,0,0,0,0,0,0,0,0,0,0,0,0,0,0,0,0,0,0,0,0,0,0,0,0,0,0,0,0,0,0,0,0,0
84042037,US,USA,840,42037.0,Columbia,Pennsylvania,US,41.04821986,-76.40565017,"Columbia, Pennsylvania, US",0,0,0,0,0,0,0,0,0,0,0,0,0,0,0,0,0,0,0,0,0,0,0,0,0,0,0,0,0,0,0,0,0,0,0,0,0,0,0,0,0,0,0,0,0,0,0,0,0,0,0,0,0,0,0,0,0,0,0,0,1,1,1,1,3,3,4,6,6,7,8,11
84042039,US,USA,840,42039.0,Crawford,Pennsylvania,US,41.68447709,-80.10760592,"Crawford, Pennsylvania, US",0,0,0,0,0,0,0,0,0,0,0,0,0,0,0,0,0,0,0,0,0,0,0,0,0,0,0,0,0,0,0,0,0,0,0,0,0,0,0,0,0,0,0,0,0,0,0,0,0,0,0,0,0,0,0,0,0,0,0,0,0,0,0,0,1,1,2,3,4,4,5,5
84042041,US,USA,840,42041.0,Cumberland,Pennsylvania,US,40.1625372,-77.26130755,"Cumberland, Pennsylvania, US",0,0,0,0,0,0,0,0,0,0,0,0,0,0,0,0,0,0,0,0,0,0,0,0,0,0,0,0,0,0,0,0,0,0,0,0,0,0,0,0,0,0,0,0,0,0,0,0,0,0,0,3,3,3,5,10,10,11,11,11,11,12,13,13,15,16,22,22,24,36,38,41
84042043,US,USA,840,42043.0,Dauphin,Pennsylvania,US,40.41377078,-76.77993242,"Dauphin, Pennsylvania, US",0,0,0,0,0,0,0,0,0,0,0,0,0,0,0,0,0,0,0,0,0,0,0,0,0,0,0,0,0,0,0,0,0,0,0,0,0,0,0,0,0,0,0,0,0,0,0,0,0,0,0,0,0,0,0,0,0,0,0,1,1,1,4,10,13,18,23,35,36,45,59,67
84042045,US,USA,840,42045.0,Delaware,Pennsylvania,US,39.91680171,-75.40243663,"Delaware, Pennsylvania, US",0,0,0,0,0,0,0,0,0,0,0,0,0,0,0,0,0,0,0,0,0,0,0,0,0,0,0,0,0,0,0,0,0,0,0,0,0,0,0,0,0,0,0,0,1,1,1,1,1,1,1,6,6,6,7,9,14,14,23,33,43,54,84,101,156,185,226,276,303,338,390,470
84042047,US,USA,840,42047.0,Elk,Pennsylvania,US,41.42822061,-78.64524744,"Elk, Pennsylvania, US",0,0,0,0,0,0,0,0,0,0,0,0,0,0,0,0,0,0,0,0,0,0,0,0,0,0,0,0,0,0,0,0,0,0,0,0,0,0,0,0,0,0,0,0,0,0,0,0,0,0,0,0,0,0,0,0,0,0,0,0,0,0,0,0,0,0,0,0,0,0,0,0
84042049,US,USA,840,42049.0,Erie,Pennsylvania,US,41.99253829,-80.03301954,"Erie, Pennsylvania, US",0,0,0,0,0,0,0,0,0,0,0,0,0,0,0,0,0,0,0,0,0,0,0,0,0,0,0,0,0,0,0,0,0,0,0,0,0,0,0,0,0,0,0,0,0,0,0,0,0,0,0,0,0,0,0,0,1,1,1,1,2,3,5,5,5,7,7,7,13,14,15,17
84042051,US,USA,840,42051.0,Fayette,Pennsylvania,US,39.92041012,-79.64291195,"Fayette, Pennsylvania, US",0,0,0,0,0,0,0,0,0,0,0,0,0,0,0,0,0,0,0,0,0,0,0,0,0,0,0,0,0,0,0,0,0,0,0,0,0,0,0,0,0,0,0,0,0,0,0,0,0,0,0,0,0,0,0,0,0,0,0,0,1,1,2,4,8,9,10,10,11,14,14,15
84042053,US,USA,840,42053.0,Forest,Pennsylvania,US,41.51095103,-79.23229292,"Forest, Pennsylvania, US",0,0,0,0,0,0,0,0,0,0,0,0,0,0,0,0,0,0,0,0,0,0,0,0,0,0,0,0,0,0,0,0,0,0,0,0,0,0,0,0,0,0,0,0,0,0,0,0,0,0,0,0,0,0,0,0,0,0,0,0,0,0,0,0,0,0,0,0,0,0,0,1
84042055,US,USA,840,42055.0,Franklin,Pennsylvania,US,39.92956518,-77.72157791,"Franklin, Pennsylvania, US",0,0,0,0,0,0,0,0,0,0,0,0,0,0,0,0,0,0,0,0,0,0,0,0,0,0,0,0,0,0,0,0,0,0,0,0,0,0,0,0,0,0,0,0,0,0,0,0,0,0,0,0,0,0,0,0,0,0,1,1,1,1,3,5,5,5,7,11,12,19,21,23
84042057,US,USA,840,42057.0,Fulton,Pennsylvania,US,39.92913544,-78.11163677,"Fulton, Pennsylvania, US",0,0,0,0,0,0,0,0,0,0,0,0,0,0,0,0,0,0,0,0,0,0,0,0,0,0,0,0,0,0,0,0,0,0,0,0,0,0,0,0,0,0,0,0,0,0,0,0,0,0,0,0,0,0,0,0,0,0,0,0,0,0,0,0,0,0,0,0,0,0,0,0
84042059,US,USA,840,42059.0,Greene,Pennsylvania,US,39.85746531,-80.22357106,"Greene, Pennsylvania, US",0,0,0,0,0,0,0,0,0,0,0,0,0,0,0,0,0,0,0,0,0,0,0,0,0,0,0,0,0,0,0,0,0,0,0,0,0,0,0,0,0,0,0,0,0,0,0,0,0,0,0,0,0,0,0,0,0,0,0,0,0,0,0,2,3,4,6,6,7,9,9,11
84042061,US,USA,840,42061.0,Huntingdon,Pennsylvania,US,40.42162652,-77.97673273,"Huntingdon, Pennsylvania, US",0,0,0,0,0,0,0,0,0,0,0,0,0,0,0,0,0,0,0,0,0,0,0,0,0,0,0,0,0,0,0,0,0,0,0,0,0,0,0,0,0,0,0,0,0,0,0,0,0,0,0,0,0,0,0,0,0,0,0,0,0,0,0,0,0,0,1,1,1,1,1,2
84042063,US,USA,840,42063.0,Indiana,Pennsylvania,US,40.65241041,-79.08963285,"Indiana, Pennsylvania, US",0,0,0,0,0,0,0,0,0,0,0,0,0,0,0,0,0,0,0,0,0,0,0,0,0,0,0,0,0,0,0,0,0,0,0,0,0,0,0,0,0,0,0,0,0,0,0,0,0,0,0,0,0,0,0,0,0,0,0,0,0,0,0,0,1,2,2,2,2,6,6,6
84042065,US,USA,840,42065.0,Jefferson,Pennsylvania,US,41.12913106,-78.9986361,"Jefferson, Pennsylvania, US",0,0,0,0,0,0,0,0,0,0,0,0,0,0,0,0,0,0,0,0,0,0,0,0,0,0,0,0,0,0,0,0,0,0,0,0,0,0,0,0,0,0,0,0,0,0,0,0,0,0,0,0,0,0,0,0,0,0,0,0,0,0,0,0,0,0,0,0,0,0,0,0
84042067,US,USA,840,42067.0,Juniata,Pennsylvania,US,40.53358749,-77.39975129999998,"Juniata, Pennsylvania, US",0,0,0,0,0,0,0,0,0,0,0,0,0,0,0,0,0,0,0,0,0,0,0,0,0,0,0,0,0,0,0,0,0,0,0,0,0,0,0,0,0,0,0,0,0,0,0,0,0,0,0,0,0,0,0,0,0,0,0,0,0,0,1,1,1,1,1,1,3,3,2,2
84042069,US,USA,840,42069.0,Lackawanna,Pennsylvania,US,41.43564672,-75.60379201,"Lackawanna, Pennsylvania, US",0,0,0,0,0,0,0,0,0,0,0,0,0,0,0,0,0,0,0,0,0,0,0,0,0,0,0,0,0,0,0,0,0,0,0,0,0,0,0,0,0,0,0,0,0,0,0,0,0,0,0,0,0,0,0,0,1,2,4,5,6,7,15,18,28,35,51,56,62,78,85,108
84042071,US,USA,840,42071.0,Lancaster,Pennsylvania,US,40.03904563,-76.24770128,"Lancaster, Pennsylvania, US",0,0,0,0,0,0,0,0,0,0,0,0,0,0,0,0,0,0,0,0,0,0,0,0,0,0,0,0,0,0,0,0,0,0,0,0,0,0,0,0,0,0,0,0,0,0,0,0,0,0,0,0,0,0,0,0,1,2,2,4,6,5,10,12,21,33,45,67,97,123,157,203
84042073,US,USA,840,42073.0,Lawrence,Pennsylvania,US,40.99206278,-80.33393706,"Lawrence, Pennsylvania, US",0,0,0,0,0,0,0,0,0,0,0,0,0,0,0,0,0,0,0,0,0,0,0,0,0,0,0,0,0,0,0,0,0,0,0,0,0,0,0,0,0,0,0,0,0,0,0,0,0,0,0,0,0,0,0,0,0,0,0,0,0,0,0,1,1,4,8,8,10,13,13,16
84042075,US,USA,840,42075.0,Lebanon,Pennsylvania,US,40.36680311,-76.45651841,"Lebanon, Pennsylvania, US",0,0,0,0,0,0,0,0,0,0,0,0,0,0,0,0,0,0,0,0,0,0,0,0,0,0,0,0,0,0,0,0,0,0,0,0,0,0,0,0,0,0,0,0,0,0,0,0,0,0,0,0,0,0,0,0,0,1,1,2,3,3,3,3,4,12,15,19,27,28,36,45
84042077,US,USA,840,42077.0,Lehigh,Pennsylvania,US,40.6154815,-75.59435245,"Lehigh, Pennsylvania, US",0,0,0,0,0,0,0,0,0,0,0,0,0,0,0,0,0,0,0,0,0,0,0,0,0,0,0,0,0,0,0,0,0,0,0,0,0,0,0,0,0,0,0,0,0,0,0,0,0,0,0,0,0,0,1,1,1,1,2,13,19,25,27,38,63,93,109,151,231,272,374,479
84042079,US,USA,840,42079.0,Luzerne,Pennsylvania,US,41.17823008,-75.98447579,"Luzerne, Pennsylvania, US",0,0,0,0,0,0,0,0,0,0,0,0,0,0,0,0,0,0,0,0,0,0,0,0,0,0,0,0,0,0,0,0,0,0,0,0,0,0,0,0,0,0,0,0,0,0,0,0,0,0,0,0,0,0,1,1,1,1,2,6,7,10,21,27,36,55,65,94,150,212,282,384
84042081,US,USA,840,42081.0,Lycoming,Pennsylvania,US,41.34310539,-77.06629984,"Lycoming, Pennsylvania, US",0,0,0,0,0,0,0,0,0,0,0,0,0,0,0,0,0,0,0,0,0,0,0,0,0,0,0,0,0,0,0,0,0,0,0,0,0,0,0,0,0,0,0,0,0,0,0,0,0,0,0,0,0,0,0,0,0,0,0,0,0,0,0,1,1,2,2,3,4,6,7,7
84042083,US,USA,840,42083.0,McKean,Pennsylvania,US,41.80938602,-78.56478358,"McKean,Pennsylvania,US",0,0,0,0,0,0,0,0,0,0,0,0,0,0,0,0,0,0,0,0,0,0,0,0,0,0,0,0,0,0,0,0,0,0,0,0,0,0,0,0,0,0,0,0,0,0,0,0,0,0,0,0,0,0,0,0,0,0,0,0,0,0,0,0,0,0,1,1,1,1,1,1
84042085,US,USA,840,42085.0,Mercer,Pennsylvania,US,41.30248872,-80.25816981,"Mercer, Pennsylvania, US",0,0,0,0,0,0,0,0,0,0,0,0,0,0,0,0,0,0,0,0,0,0,0,0,0,0,0,0,0,0,0,0,0,0,0,0,0,0,0,0,0,0,0,0,0,0,0,0,0,0,0,0,0,0,0,0,0,0,0,0,1,1,2,2,3,4,6,7,7,8,8,9
84042087,US,USA,840,42087.0,Mifflin,Pennsylvania,US,40.61116939,-77.61070738,"Mifflin, Pennsylvania, US",0,0,0,0,0,0,0,0,0,0,0,0,0,0,0,0,0,0,0,0,0,0,0,0,0,0,0,0,0,0,0,0,0,0,0,0,0,0,0,0,0,0,0,0,0,0,0,0,0,0,0,0,0,0,0,0,0,0,0,0,0,0,0,0,0,0,0,2,1,2,1,1
84042089,US,USA,840,42089.0,Monroe,Pennsylvania,US,41.05934058,-75.34031025,"Monroe, Pennsylvania, US",0,0,0,0,0,0,0,0,0,0,0,0,0,0,0,0,0,0,0,0,0,0,0,0,0,0,0,0,0,0,0,0,0,0,0,0,0,0,0,0,0,0,0,0,0,0,0,0,1,2,2,3,3,3,8,8,8,15,19,25,31,43,45,51,67,98,106,135,182,236,278,321
84042091,US,USA,840,42091.0,Montgomery,Pennsylvania,US,40.21053671,-75.36652296,"Montgomery, Pennsylvania, US",0,0,0,0,0,0,0,0,0,0,0,0,0,0,0,0,0,0,0,0,0,0,0,0,0,0,0,0,0,0,0,0,0,0,0,0,0,0,0,0,0,0,0,0,0,0,4,5,8,9,13,18,20,20,30,34,42,55,68,77,110,136,159,219,313,374,411,488,540,570,649,735
84042093,US,USA,840,42093.0,Montour,Pennsylvania,US,41.03023987,-76.66345939,"Montour, Pennsylvania, US",0,0,0,0,0,0,0,0,0,0,0,0,0,0,0,0,0,0,0,0,0,0,0,0,0,0,0,0,0,0,0,0,0,0,0,0,0,0,0,0,0,0,0,0,0,0,0,0,0,0,0,0,0,0,0,0,0,0,0,1,1,1,3,4,4,4,5,4,10,9,13,15
84042095,US,USA,840,42095.0,Northampton,Pennsylvania,US,40.75182733,-75.30471829,"Northampton, Pennsylvania, US",0,0,0,0,0,0,0,0,0,0,0,0,0,0,0,0,0,0,0,0,0,0,0,0,0,0,0,0,0,0,0,0,0,0,0,0,0,0,0,0,0,0,0,0,0,0,0,0,0,0,1,1,1,1,1,1,1,5,10,17,21,23,33,44,56,79,94,126,184,245,312,378
84042097,US,USA,840,42097.0,Northumberland,Pennsylvania,US,40.84785433,-76.70798222,"Northumberland, Pennsylvania, US",0,0,0,0,0,0,0,0,0,0,0,0,0,0,0,0,0,0,0,0,0,0,0,0,0,0,0,0,0,0,0,0,0,0,0,0,0,0,0,0,0,0,0,0,0,0,0,0,0,0,0,0,0,0,0,0,0,0,0,0,0,0,0,0,0,0,1,1,1,1,6,8
84042099,US,USA,840,42099.0,Perry,Pennsylvania,US,40.40206612,-77.26297447,"Perry, Pennsylvania, US",0,0,0,0,0,0,0,0,0,0,0,0,0,0,0,0,0,0,0,0,0,0,0,0,0,0,0,0,0,0,0,0,0,0,0,0,0,0,0,0,0,0,0,0,0,0,0,0,0,0,0,0,0,0,0,0,0,0,0,0,0,0,0,0,0,0,1,1,1,1,1,3
84042101,US,USA,840,42101.0,Philadelphia,Pennsylvania,US,40.00338507,-75.1379271,"Philadelphia, Pennsylvania, US",0,0,0,0,0,0,0,0,0,0,0,0,0,0,0,0,0,0,0,0,0,0,0,0,0,0,0,0,0,0,0,0,0,0,0,0,0,0,0,0,0,0,0,0,0,0,0,0,1,1,1,3,4,4,10,19,34,44,67,85,96,175,252,342,475,637,803,890,1072,1315,1675,2100
84042103,US,USA,840,42103.0,Pike,Pennsylvania,US,41.33155042,-75.03208106,"Pike, Pennsylvania, US",0,0,0,0,0,0,0,0,0,0,0,0,0,0,0,0,0,0,0,0,0,0,0,0,0,0,0,0,0,0,0,0,0,0,0,0,0,0,0,0,0,0,0,0,0,0,0,0,0,0,1,1,1,1,1,1,2,3,3,3,3,3,4,8,15,23,27,33,39,48,57,68
84042105,US,USA,840,42105.0,Potter,Pennsylvania,US,41.74471626,-77.89559864,"Potter, Pennsylvania, US",0,0,0,0,0,0,0,0,0,0,0,0,0,0,0,0,0,0,0,0,0,0,0,0,0,0,0,0,0,0,0,0,0,0,0,0,0,0,0,0,0,0,0,0,0,0,0,0,0,0,0,0,0,0,0,0,0,0,1,1,1,1,1,1,1,1,2,2,2,2,2,2
84042107,US,USA,840,42107.0,Schuylkill,Pennsylvania,US,40.70497338,-76.2150785,"Schuylkill, Pennsylvania, US",0,0,0,0,0,0,0,0,0,0,0,0,0,0,0,0,0,0,0,0,0,0,0,0,0,0,0,0,0,0,0,0,0,0,0,0,0,0,0,0,0,0,0,0,0,0,0,0,0,0,0,0,0,0,0,0,0,0,0,0,1,3,5,7,9,13,16,21,30,38,47,54
84042109,US,USA,840,42109.0,Snyder,Pennsylvania,US,40.77129231,-77.06840691,"Snyder, Pennsylvania, US",0,0,0,0,0,0,0,0,0,0,0,0,0,0,0,0,0,0,0,0,0,0,0,0,0,0,0,0,0,0,0,0,0,0,0,0,0,0,0,0,0,0,0,0,0,0,0,0,0,0,0,0,0,0,0,0,0,0,0,0,0,0,0,0,0,0,1,2,2,2,3,3
84042111,US,USA,840,42111.0,Somerset,Pennsylvania,US,39.97172723,-79.02699593,"Somerset, Pennsylvania, US",0,0,0,0,0,0,0,0,0,0,0,0,0,0,0,0,0,0,0,0,0,0,0,0,0,0,0,0,0,0,0,0,0,0,0,0,0,0,0,0,0,0,0,0,0,0,0,0,0,0,0,0,0,0,0,0,0,0,0,0,0,0,1,2,2,2,2,2,2,2,3,3
84042113,US,USA,840,42113.0,Sullivan,Pennsylvania,US,41.44634738,-76.51246591,"Sullivan, Pennsylvania, US",0,0,0,0,0,0,0,0,0,0,0,0,0,0,0,0,0,0,0,0,0,0,0,0,0,0,0,0,0,0,0,0,0,0,0,0,0,0,0,0,0,0,0,0,0,0,0,0,0,0,0,0,0,0,0,0,0,0,0,0,0,0,0,0,0,0,0,0,0,0,0,0
84042115,US,USA,840,42115.0,Susquehanna,Pennsylvania,US,41.82147784,-75.80071959,"Susquehanna, Pennsylvania, US",0,0,0,0,0,0,0,0,0,0,0,0,0,0,0,0,0,0,0,0,0,0,0,0,0,0,0,0,0,0,0,0,0,0,0,0,0,0,0,0,0,0,0,0,0,0,0,0,0,0,0,0,0,0,0,0,0,0,0,0,0,0,0,0,1,1,1,1,1,1,2,3
84042117,US,USA,840,42117.0,Tioga,Pennsylvania,US,41.77255149,-77.25433032,"Tioga, Pennsylvania, US",0,0,0,0,0,0,0,0,0,0,0,0,0,0,0,0,0,0,0,0,0,0,0,0,0,0,0,0,0,0,0,0,0,0,0,0,0,0,0,0,0,0,0,0,0,0,0,0,0,0,0,0,0,0,0,0,0,0,0,0,0,0,0,0,0,0,1,1,1,2,2,2
84042119,US,USA,840,42119.0,Union,Pennsylvania,US,40.96188846,-77.05996014,"Union, Pennsylvania, US",0,0,0,0,0,0,0,0,0,0,0,0,0,0,0,0,0,0,0,0,0,0,0,0,0,0,0,0,0,0,0,0,0,0,0,0,0,0,0,0,0,0,0,0,0,0,0,0,0,0,0,0,0,0,0,0,0,0,0,0,0,0,0,0,0,1,0,0,4,4,2,2
84042121,US,USA,840,42121.0,Venango,Pennsylvania,US,41.40323442,-79.75845449,"Venango, Pennsylvania, US",0,0,0,0,0,0,0,0,0,0,0,0,0,0,0,0,0,0,0,0,0,0,0,0,0,0,0,0,0,0,0,0,0,0,0,0,0,0,0,0,0,0,0,0,0,0,0,0,0,0,0,0,0,0,0,0,0,0,0,0,0,0,0,0,0,0,0,1,1,3,3,3
84042123,US,USA,840,42123.0,Warren,Pennsylvania,US,41.81304978,-79.26969577,"Warren, Pennsylvania, US",0,0,0,0,0,0,0,0,0,0,0,0,0,0,0,0,0,0,0,0,0,0,0,0,0,0,0,0,0,0,0,0,0,0,0,0,0,0,0,0,0,0,0,0,0,0,0,0,0,0,0,0,0,0,0,0,0,0,0,0,0,0,0,1,1,1,1,1,1,1,1,1
84042125,US,USA,840,42125.0,Washington,Pennsylvania,US,40.19208869,-80.24582867,"Washington, Pennsylvania, US",0,0,0,0,0,0,0,0,0,0,0,0,0,0,0,0,0,0,0,0,0,0,0,0,0,0,0,0,0,0,0,0,0,0,0,0,0,0,0,0,0,0,0,0,0,0,0,0,0,0,0,1,1,1,1,2,2,3,3,5,7,7,9,10,12,14,23,24,26,33,35,38
84042127,US,USA,840,42127.0,Wayne,Pennsylvania,US,41.64938475,-75.29956506,"Wayne, Pennsylvania, US",0,0,0,0,0,0,0,0,0,0,0,0,0,0,0,0,0,0,0,0,0,0,0,0,0,0,0,0,0,0,0,0,0,0,0,0,0,0,0,0,0,0,0,0,1,1,1,1,1,1,1,1,1,1,1,1,1,1,1,1,2,3,4,4,6,6,6,7,10,10,14,17
84042129,US,USA,840,42129.0,Westmoreland,Pennsylvania,US,40.31377979999999,-79.46615476,"Westmoreland, Pennsylvania, US",0,0,0,0,0,0,0,0,0,0,0,0,0,0,0,0,0,0,0,0,0,0,0,0,0,0,0,0,0,0,0,0,0,0,0,0,0,0,0,0,0,0,0,0,0,0,0,0,0,0,0,0,0,0,0,0,0,2,4,4,4,6,11,16,24,30,41,47,55,61,72,84
84042131,US,USA,840,42131.0,Wyoming,Pennsylvania,US,41.51955538,-76.01074915,"Wyoming, Pennsylvania, US",0,0,0,0,0,0,0,0,0,0,0,0,0,0,0,0,0,0,0,0,0,0,0,0,0,0,0,0,0,0,0,0,0,0,0,0,0,0,0,0,0,0,0,0,0,0,0,0,0,0,0,0,0,0,0,0,0,0,0,0,0,0,0,0,0,0,0,0,0,0,0,1
84042133,US,USA,840,42133.0,York,Pennsylvania,US,39.9210089,-76.73040131,"York, Pennsylvania, US",0,0,0,0,0,0,0,0,0,0,0,0,0,0,0,0,0,0,0,0,0,0,0,0,0,0,0,0,0,0,0,0,0,0,0,0,0,0,0,0,0,0,0,0,0,0,0,0,0,0,0,0,0,0,0,0,2,2,6,9,10,10,18,20,21,30,37,43,54,66,79,102
84080042,US,USA,840,80042.0,Out of PA,Pennsylvania,US,0.0,0.0,"Out of PA, Pennsylvania, US",0,0,0,0,0,0,0,0,0,0,0,0,0,0,0,0,0,0,0,0,0,0,0,0,0,0,0,0,0,0,0,0,0,0,0,0,0,0,0,0,0,0,0,0,0,0,0,0,0,0,0,0,0,0,0,0,0,0,0,0,0,0,0,0,0,0,0,0,0,0,0,0
84090042,US,USA,840,90042.0,Unassigned,Pennsylvania,US,0.0,0.0,"Unassigned, Pennsylvania, US",0,0,0,0,0,0,0,0,0,0,0,0,0,0,0,0,0,0,0,0,0,0,0,0,0,0,0,0,0,0,0,0,0,0,0,0,0,0,0,0,0,0,0,0,0,0,0,0,0,0,0,0,0,0,0,0,0,0,0,0,0,0,0,0,0,0,0,0,0,0,0,0
